{"cameraMode":{"drawMode":0,"name":"Shaded","section":"Shading Mode"},"sceneLighting":true,"audioPlay":false,"sceneViewState":{"m_AlwaysRefresh":false,"showFog":true,"showSkybox":true,"showFlares":true,"showImageEffects":true,"showParticleSystems":true,"showVisualEffectGraphs":true,"m_FxEnabled":true},"in2DMode":false,"pivot":{"x":1.0092191696166993,"y":3.07926607131958,"z":3.087557792663574},"rotation":{"x":0.004948137793689966,"y":0.9439893960952759,"z":-0.3296809494495392,"w":0.014160456135869027},"size":2.4106173515319826,"orthographic":true}